{"cameraMode":{"drawMode":0,"name":"Shaded","section":"Shading Mode"},"sceneLighting":false,"audioPlay":false,"sceneViewState":{"showFog":true,"showMaterialUpdate":false,"showSkybox":false,"showFlares":true,"showImageEffects":true,"showParticleSystems":true},"in2DMode":false,"pivot":{"x":11.401371002197266,"y":3.1090645790100099,"z":14.533284187316895},"rotation":{"x":0.06494151055812836,"y":-0.44455820322036745,"z":0.03233612701296806,"w":0.8928073644638062},"size":2.8578836917877199,"orthographic":false}